Workbook

Sheet لوحة المتابعة ونسبة الإنجاز
B2: نظام ImportFlow ERP — لوحة متابعة تجربة المستخدم واعتماد النظام
B4: متابعة حية لحالات الاختبار وملاحظات العميل والتعديلات المطلوبة لكافة مراحل دورة الاستيراد
B6: 📌 إرشادات استخدام الشيت: 1. انتقل إلى الشيت الثاني (قائمة مهام تجربة النظام) لتنفيذ سيناريو التجربة خطوة بخطوة. 2. اختر حالة التجربة من القائمة المنسدلة لكل بند (لم تبدأ / قيد التجربة / تم بنجاح ✅ / يوجد ملاحظة ⚠️ / يحتاج تعديل ❌). 3. سجل أي ملاحظات أو تعديلات مطلوبة في عمود (ملاحظات العميل والتعديلات المطلوبة)، وستتحدث مؤشرات الإنجاز هنا تلقائياً.
B10: إجمالي بنود الاختبار | D10: تم بنجاح ✅ | F10: يوجد ملاحظات ⚠️ | H10: يحتاج تعديل ❌ | I10: نسبة الإنجاز الكلية
B11: =COUNTA('قائمة مهام تجربة النظام'!A5:A42) -> 38 | D11: =COUNTIF('قائمة مهام تجربة النظام'!G5:G42, "تم بنجاح ✅") -> 0 | F11: =COUNTIF('قائمة مهام تجربة النظام'!G5:G42, "يوجد ملاحظة ⚠️") -> 0 | H11: =COUNTIF('قائمة مهام تجربة النظام'!G5:G42, "يحتاج تعديل ❌") -> 0 | I11: =IFERROR(COUNTIF('قائمة مهام تجربة النظام'!G5:G42, "تم بنجاح ✅")/COUNTA('قائمة مهام تجربة النظام'!A5:A42), 0) -> 0
B15: 📊 ملخص الإنجاز حسب مراحل دورة الاستيراد
B16: المرحلة | C16: اسم المرحلة | D16: عدد الاختبارات | E16: تم بنجاح | F16: يوجد ملاحظات | G16: لم تبدأ / معلقة | H16: نسبة إنجاز المرحلة
B17: المرحلة 0 | C17: التكويد الذكي والبيانات المرجعية (Master Data) | D17: =COUNTIF('قائمة مهام تجربة النظام'!B5:B13, "*") -> 9 | E17: =COUNTIF('قائمة مهام تجربة النظام'!G5:G13, "تم بنجاح ✅") -> 0 | F17: =COUNTIF('قائمة مهام تجربة النظام'!G5:G13, "يوجد ملاحظة ⚠️") + COUNTIF('قائمة مهام تجربة النظام'!G5:G13, "يحتاج تعديل ❌") -> 0 | G17: =COUNTIF('قائمة مهام تجربة النظام'!G5:G13, "لم تبدأ") + COUNTIF('قائمة مهام تجربة النظام'!G5:G13, "قيد التجربة") -> 9 | H17: =IFERROR(E17/D17, 0) -> 0
B18: المرحلة 1 | C18: التخطيط الاستيرادي وأوامر الشراء وحاسبة CBM | D18: =COUNTIF('قائمة مهام تجربة النظام'!B14:B21, "*") -> 8 | E18: =COUNTIF('قائمة مهام تجربة النظام'!G14:G21, "تم بنجاح ✅") -> 0 | F18: =COUNTIF('قائمة مهام تجربة النظام'!G14:G21, "يوجد ملاحظة ⚠️") + COUNTIF('قائمة مهام تجربة النظام'!G14:G21, "يحتاج تعديل ❌") -> 0 | G18: =COUNTIF('قائمة مهام تجربة النظام'!G14:G21, "لم تبدأ") + COUNTIF('قائمة مهام تجربة النظام'!G14:G21, "قيد التجربة") -> 8 | H18: =IFERROR(E18/D18, 0) -> 0
B19: المرحلة 2 | C19: الموافقات المالية والميزانية والتحويلات | D19: =COUNTIF('قائمة مهام تجربة النظام'!B22:B23, "*") -> 2 | E19: =COUNTIF('قائمة مهام تجربة النظام'!G22:G23, "تم بنجاح ✅") -> 0 | F19: =COUNTIF('قائمة مهام تجربة النظام'!G22:G23, "يوجد ملاحظة ⚠️") + COUNTIF('قائمة مهام تجربة النظام'!G22:G23, "يحتاج تعديل ❌") -> 0 | G19: =COUNTIF('قائمة مهام تجربة النظام'!G22:G23, "لم تبدأ") + COUNTIF('قائمة مهام تجربة النظام'!G22:G23, "قيد التجربة") -> 2 | H19: =IFERROR(E19/D19, 0) -> 0
B20: المرحلة 3 | C20: التوثيق ونافذة وتتبع صلاحية ACID | D20: =COUNTIF('قائمة مهام تجربة النظام'!B24:B27, "*") -> 4 | E20: =COUNTIF('قائمة مهام تجربة النظام'!G24:G27, "تم بنجاح ✅") -> 0 | F20: =COUNTIF('قائمة مهام تجربة النظام'!G24:G27, "يوجد ملاحظة ⚠️") + COUNTIF('قائمة مهام تجربة النظام'!G24:G27, "يحتاج تعديل ❌") -> 0 | G20: =COUNTIF('قائمة مهام تجربة النظام'!G24:G27, "لم تبدأ") + COUNTIF('قائمة مهام تجربة النظام'!G24:G27, "قيد التجربة") -> 4 | H20: =IFERROR(E20/D20, 0) -> 0
B21: المرحلة 4 | C21: حجز الشحن وفترات السماح المجانية | D21: =COUNTIF('قائمة مهام تجربة النظام'!B28:B29, "*") -> 2 | E21: =COUNTIF('قائمة مهام تجربة النظام'!G28:G29, "تم بنجاح ✅") -> 0 | F21: =COUNTIF('قائمة مهام تجربة النظام'!G28:G29, "يوجد ملاحظة ⚠️") + COUNTIF('قائمة مهام تجربة النظام'!G28:G29, "يحتاج تعديل ❌") -> 0 | G21: =COUNTIF('قائمة مهام تجربة النظام'!G28:G29, "لم تبدأ") + COUNTIF('قائمة مهام تجربة النظام'!G28:G29, "قيد التجربة") -> 2 | H21: =IFERROR(E21/D21, 0) -> 0
B22: المرحلة 5 | C22: الإبحار والمراجعة المزدوجة و CargoX | D22: =COUNTIF('قائمة مهام تجربة النظام'!B30:B33, "*") -> 4 | E22: =COUNTIF('قائمة مهام تجربة النظام'!G30:G33, "تم بنجاح ✅") -> 0 | F22: =COUNTIF('قائمة مهام تجربة النظام'!G30:G33, "يوجد ملاحظة ⚠️") + COUNTIF('قائمة مهام تجربة النظام'!G30:G33, "يحتاج تعديل ❌") -> 0 | G22: =COUNTIF('قائمة مهام تجربة النظام'!G30:G33, "لم تبدأ") + COUNTIF('قائمة مهام تجربة النظام'!G30:G33, "قيد التجربة") -> 4 | H22: =IFERROR(E22/D22, 0) -> 0
B23: المرحلة 6 | C23: الإعداد الجمركي ونموذج 46 ك.م | D23: =COUNTIF('قائمة مهام تجربة النظام'!B34:B36, "*") -> 3 | E23: =COUNTIF('قائمة مهام تجربة النظام'!G34:G36, "تم بنجاح ✅") -> 0 | F23: =COUNTIF('قائمة مهام تجربة النظام'!G34:G36, "يوجد ملاحظة ⚠️") + COUNTIF('قائمة مهام تجربة النظام'!G34:G36, "يحتاج تعديل ❌") -> 0 | G23: =COUNTIF('قائمة مهام تجربة النظام'!G34:G36, "لم تبدأ") + COUNTIF('قائمة مهام تجربة النظام'!G34:G36, "قيد التجربة") -> 3 | H23: =IFERROR(E23/D23, 0) -> 0
B24: المرحلة 7 | C24: التخليص الفعلي وسداد الرسوم والإفراج | D24: =COUNTIF('قائمة مهام تجربة النظام'!B37:B41, "*") -> 5 | E24: =COUNTIF('قائمة مهام تجربة النظام'!G37:G41, "تم بنجاح ✅") -> 0 | F24: =COUNTIF('قائمة مهام تجربة النظام'!G37:G41, "يوجد ملاحظة ⚠️") + COUNTIF('قائمة مهام تجربة النظام'!G37:G41, "يحتاج تعديل ❌") -> 0 | G24: =COUNTIF('قائمة مهام تجربة النظام'!G37:G41, "لم تبدأ") + COUNTIF('قائمة مهام تجربة النظام'!G37:G41, "قيد التجربة") -> 5 | H24: =IFERROR(E24/D24, 0) -> 0
B25: المرحلة 8 | C25: النقل الداخلي والمخازن وتفادي الغرامات | D25: =COUNTIF('قائمة مهام تجربة النظام'!B42:B46, "*") -> 5 | E25: =COUNTIF('قائمة مهام تجربة النظام'!G42:G46, "تم بنجاح ✅") -> 0 | F25: =COUNTIF('قائمة مهام تجربة النظام'!G42:G46, "يوجد ملاحظة ⚠️") + COUNTIF('قائمة مهام تجربة النظام'!G42:G46, "يحتاج تعديل ❌") -> 0 | G25: =COUNTIF('قائمة مهام تجربة النظام'!G42:G46, "لم تبدأ") + COUNTIF('قائمة مهام تجربة النظام'!G42:G46, "قيد التجربة") -> 5 | H25: =IFERROR(E25/D25, 0) -> 0
B26: المرحلة 9 | C26: تكلفة الوصول الختامية وإغلاق الملف | D26: =COUNTIF('قائمة مهام تجربة النظام'!B47:B50, "*") -> 4 | E26: =COUNTIF('قائمة مهام تجربة النظام'!G47:G50, "تم بنجاح ✅") -> 0 | F26: =COUNTIF('قائمة مهام تجربة النظام'!G47:G50, "يوجد ملاحظة ⚠️") + COUNTIF('قائمة مهام تجربة النظام'!G47:G50, "يحتاج تعديل ❌") -> 0 | G26: =COUNTIF('قائمة مهام تجربة النظام'!G47:G50, "لم تبدأ") + COUNTIF('قائمة مهام تجربة النظام'!G47:G50, "قيد التجربة") -> 4 | H26: =IFERROR(E26/D26, 0) -> 0

Sheet قائمة مهام تجربة النظام
A1: قائمة المهام وسيناريو التجربة الحية الكامل لنظام ImportFlow ERP
A4: م | B4: المرحلة | C4: الكود | D4: الإجراء / الأداة الذكية / الإدخال | E4: الشاشة والمسار في النظام | F4: ما يظهر في الداش بورد والتنبيهات ودورة الحياة | G4: حالة التجربة | H4: تاريخ التجربة | I4: القائم بالتجربة | J4: ملاحظات العميل والتعديلات المطلوبة | K4: قرار ومتابعة فريق التطوير
A5: 1 | B5: 0. البيانات المرجعية | C5: MD-01 | D5: تكويد شركة مستوردة جديدة | E5: Master Data > الشركات المستوردة | F5: إدخال الاسم، السجل، البطاقة الضريبية، القيد الاستيرادي والمفوضين -> تظهر فوراً في قوائم الاختيار الذكية مع البحث الفوري | G5: لم تبدأ
A6: 2 | B6: 0. البيانات المرجعية | C6: MD-02 | D6: تكويد مورد أجنبي وبيانات الاتصال | E6: Master Data > الموردون الأجانب | F6: إدخال الاسم، الدولة، العملة، ورقم CargoX -> ربطه الذكي بقائمة الموردين المعتمدين | G6: لم تبدأ
A7: 3 | B7: 0. البيانات المرجعية | C7: MD-03 | D7: تكويد بنك محلي / أجنبي | E7: Master Data > شركاء الأعمال > بنك | F7: إدخال اسم البنك والسويفت كود والحسابات -> يتاح فوراً في شاشات طلبات السداد والاعتمادات | G7: لم تبدأ
A8: 4 | B8: 0. البيانات المرجعية | C8: MD-04 | D8: تكويد خط ملاحي وفترات السماح | E8: Master Data > شركاء الأعمال > خط ملاحي | F8: تسجيل اسم الخط وأيام السماح الافتراضية (Free Days) -> تغذي محرك تنبيهات الغرامات | G8: لم تبدأ
A9: 5 | B9: 0. البيانات المرجعية | C9: MD-05 | D9: تكويد وكيل شحن (Freight Forwarder) | E9: Master Data > شركاء الأعمال > وكيل شحن | F9: تسجيل الوكيل وطرق الشحن والعملات -> يظهر في طلب عروض الأسعار المقارنة (RFQ) | G9: لم تبدأ
A10: 6 | B10: 0. البيانات المرجعية | C10: MD-06 | D10: تكويد شركة فحص ومعاينة (Inspection) | E10: Master Data > شركاء الأعمال > فحص | F10: تسجيل شركات مثل SGS و TÜV -> تظهر في شاشات الفحص الفني والمطابقة | G10: لم تبدأ
A11: 7 | B11: 0. البيانات المرجعية | C11: MD-07 | D11: تكويد مخلص جمركي والموانئ المعتمدة | E11: Master Data > شركاء الأعمال > مخلص | F11: تسجيل المخلص، رخصته، والموانئ التي يعمل بها -> يظهر في شاشة تعيين المخلصين | G11: لم تبدأ
A12: 8 | B12: 0. البيانات المرجعية | C12: MD-08 | D12: تكويد شركة نقل داخلي وتأمين | E12: Master Data > شركاء الأعمال > نقل/تأمين | F12: تسجيل أسطول النقل وشركات التأمين -> تتاح في مراحل التوزيع والنقل المخزني | G12: لم تبدأ
A13: 9 | B13: 0. البيانات المرجعية | C13: MD-09 | D13: التحقق من الموانئ والتعريفة وأسعار الصرف | E13: Master Data > الموانئ / التعريفة | F13: جاهزية آلاف الموانئ العالمية والبنود الجمركية وأسعار العملات الرسمية المحدثة | G13: لم تبدأ
A14: 10 | B14: 1. التخطيط وأوامر الشراء | C14: PL-01 | D14: فتح مشروع استيرادي جديد | E14: المشاريع الاستيرادية > مشروع جديد | F14: ظهور المشروع في الداش بورد وتتبع الميزانية التقديرية وتاريخ الانتهاء المستهدف | G14: لم تبدأ
A15: 11 | B15: 1. التخطيط وأوامر الشراء | C15: PL-02 | D15: فتح ملف شحنة استيرادية جديد | E15: ملفات الاستيراد > ملف جديد | F15: زيادة عداد الشحنات النشطة، وظهور الملف في لوحة دورة الحياة بحالة Draft / Planning | G15: لم تبدأ
A16: 12 | B16: 1. التخطيط وأوامر الشراء | C16: PL-03 | D16: تسجيل وربط أمر الشراء (PO) | E16: ملف الشحنة > أوامر الشراء | F16: ربط الأصناف والكميات والأسعار -> تحديث الالتزامات المالية للمشروع في الداش بورد | G16: لم تبدأ
... A50: 46 | B50: 9. تكلفة الوصول والإغلاق | C50: CLO-04 | D50: الإغلاق الرسمي والأرشفة الرقمية للملف | E50: ملف الشحنة > إغلاق الملف | F50: انتقال الملف إلى Closed & Settled بالداش بورد، واكتمال شريط دورة الحياة بنسبة 100% | G50: لم تبدأ

Sheet دليل سيناريو التجربة السريعة
A1: سيناريو التجربة التشغيلية النموذجية خطوة بخطوة (End-to-End Story)
A4: المرحلة | B4: ماذا يفعل المستخدم؟ (Action) | E4: النتيجة والأثر المتوقع في النظام
A5: الخطوة 1: تجهيز التكويد المرجعي | B5: قم بتكويد شركة مستوردة، مورد صيني/أوروبي، بنك الأهلي، خط ميرسك، ومخلص جمركي بميناء الإسكندرية. | E5: التحقق من أن كافة الحقول في الشاشات التالية أصبحت تظهر البيانات مباشرة عبر القائمة المنسدلة الذكية.
A6: الخطوة 2: إنشاء مشروع وملف شحنة | B6: افتح مشروع 'استيراد خط إنتاج 2026' ثم أنشئ ملف شحنة بحرية من ميناء شنغهاي إلى الإسكندرية. | E6: الداش بورد يظهر ملف الشحنة الجديد، وفي لوحة دورة الحياة تظهر المحطة الأولى 'Planning' نشطة.
A7: الخطوة 3: أمر الشراء ورفع الفاتورة | B7: أدخل أمر الشراء (PO) أو ارفع الفاتورة وقائمة التعبئة لاستخلاص البنود والأوزان آلياً. | E7: الاستخلاص الآلي للبيانات وملء جدول الأصناف والكميات دون الحاجة لإدخال يدوي مكرر.
A8: الخطوة 4: حاسبة الأحجام CBM ودراسة الشحن | B8: احسب الـ CBM وتوزيع الحاوية 40HQ، وسجل عروض أسعار الشحن من وكيلين واختر الأنسب. | E8: اقتراح الحاوية وتحديد التكلفة الأقل وتوليد مهمة طلب الدفعة المقدمة للمورد.
A9: الخطوة 5: المحاكاة الجمركية ورقم ACID | B9: شغل محرك التعريفة المصرية واحتسب الرسوم ثم سجل رقم الـ ACID المكون من 19 رقماً. | E9: ظهور شارة الـ ACID الخضراء بالداش بورد مع عداد الأيام المتبقية وتوليد تنبيهات الصلاحية.
A10: الخطوة 6: حجز الشحن والـ CargoX | B10: أكد حجز الشحن (Booking)، ثم راجع مسودة البوليصة واعتمد مظروف CargoX الرقمي. | E10: انتقال حالة الشحنة إلى 'In-Transit' وظهور موعد الـ ETA في جدول الشحنات القادمة هذا الشهر.
A11: الخطوة 7: التخليص الجمركي ونموذج 46 | B11: عين المخلص الجمركي وسجل إذن التسليم الملاحي وقيد الشهادة الجمركية رقم 46 ك.م. | E11: تحديث حالة الشحنة إلى 'Under Customs Clearance' وظهور تنبيه متابعة الكشف والمعاينة.
A12: الخطوة 8: سداد الجمارك والإفراج | B12: سجل سداد الرسوم عبر سداد/E-Finance، ثم سجل صدور أمر الإفراج الجمركي الأخضر. | E12: الشحنة تصبح 'Customs Released' وتوليد مهمة فورية لحجز سيارات النقل الداخلي.
A13: الخطوة 9: النقل والاستلام بالمخزن | B13: سجل خروج الحاويات من الميناء واستلامها بالمخزن (GRN) وتأكيد إرجاع الحاويات الفارغة. | E13: إيقاف عداد غرامات التأخير (0 جنيه) وتحديث كارت البضائع المستلمة بالمخزن.
A14: الخطوة 10: تكلفة الوصول وإغلاق الملف | B14: شغل محرك تكلفة الوصول (Actual Landed Cost) ووزع المصاريف ثم أغلق الملف وأرشفه. | E14: اكتمال دورة حياة الشحنة بنسبة 100% وتحولها إلى 'Closed & Settled' وتصدير التقرير الشامل.
